VÍA DE ACCESO;CÓDIGO;CÓDIGO UMAS;COD_SIES;COD_SEDE;SEDE;COD_CARRERA;COD_JORNADA;JORNADA;VERSION;FACULTAD;NOMBRE_CARRERA;CLASIFICACIÓN_1;CLASIFICACIÓN_2;CLASIFICACIÓN_3;VACANTES;OBSERVACIONES
ACCESO CENTRALIZADO;27037;2737;I79S1C57J1V1;1;COPIAPÓ;57;1;DIURNA;1;FACULTAD TECNOLÓGICA;CONSTRUCCIÓN CIVIL;Admisión regular;Vacantes Regulares;Regulares;40;
ACCESO CENTRALIZADO;27037;2737;I79S1C57J1V1;1;COPIAPÓ;57;1;DIURNA;1;FACULTAD TECNOLÓGICA;CONSTRUCCIÓN CIVIL;Admisión regular;Sobrecupo;Sobrecupo;1;
ACCESO CENTRALIZADO;27037;2737;I79S1C57J1V1;1;COPIAPÓ;57;1;DIURNA;1;FACULTAD TECNOLÓGICA;CONSTRUCCIÓN CIVIL;Otras vías de ingreso;BEA;BEA;1;
ACCESO CENTRALIZADO;27037;2737;I79S1C57J1V1;1;COPIAPÓ;57;1;DIURNA;1;FACULTAD TECNOLÓGICA;CONSTRUCCIÓN CIVIL;Otras vías de ingreso;PACE;PACE;30;
ACCESO CENTRALIZADO;27037;2737;I79S1C57J1V1;1;COPIAPÓ;57;1;DIURNA;1;FACULTAD TECNOLÓGICA;CONSTRUCCIÓN CIVIL;Otras vías de ingreso;Mujeres científicas;Mujeres científicas;4;
ACCESO CENTRALIZADO;27037;2737;I79S1C57J1V1;1;COPIAPÓ;57;1;DIURNA;1;FACULTAD TECNOLÓGICA;CONSTRUCCIÓN CIVIL;Admisión especial;Equidad educativa;Equidad educativa;3;
ACCESO CENTRALIZADO;27037;2737;I79S1C57J1V1;1;COPIAPÓ;57;1;DIURNA;1;FACULTAD TECNOLÓGICA;CONSTRUCCIÓN CIVIL;Admisión especial;Talento específico;Talento específico;2;
ACCESO CENTRALIZADO;27037;2737;I79S1C57J1V1;1;COPIAPÓ;57;1;DIURNA;1;FACULTAD TECNOLÓGICA;CONSTRUCCIÓN CIVIL;Admisión especial;Identidad regional;Identidad regional;1;
ACCESO CENTRALIZADO;27037;2737;I79S1C57J1V1;1;COPIAPÓ;57;1;DIURNA;1;FACULTAD TECNOLÓGICA;CONSTRUCCIÓN CIVIL;Admisión especial;Vacantes directas;Propedéutico;2;
ACCESO CENTRALIZADO;27037;2737;I79S1C57J1V1;1;COPIAPÓ;57;1;DIURNA;1;FACULTAD TECNOLÓGICA;CONSTRUCCIÓN CIVIL;Admisión especial;Vacantes directas;Distinción a la trayectoria educativa;0;
ACCESO CENTRALIZADO;27037;2737;I79S1C57J1V1;1;COPIAPÓ;57;1;DIURNA;1;FACULTAD TECNOLÓGICA;CONSTRUCCIÓN CIVIL;Admisión especial;Vacantes directas;Experiencia laboral acreditada;2;
ACCESO CENTRALIZADO;27037;2737;I79S1C57J1V1;1;COPIAPÓ;57;1;DIURNA;1;FACULTAD TECNOLÓGICA;CONSTRUCCIÓN CIVIL;Admisión especial;Vacantes directas;Persona con licenciatura, titulo tecnico de nivel superioro o titulo profesional;1;
ACCESO CENTRALIZADO;27040;27041;I79S1C2J1V2;1;COPIAPÓ;2;1;DIURNA;2;FACULTAD DE CIENCIAS JURÍDICAS Y SOCIALES;DERECHO;Admisión regular;Vacantes Regulares;Regulares;75;
ACCESO CENTRALIZADO;27040;27041;I79S1C2J1V2;1;COPIAPÓ;2;1;DIURNA;2;FACULTAD DE CIENCIAS JURÍDICAS Y SOCIALES;DERECHO;Admisión regular;Sobrecupo;Sobrecupo;5;
ACCESO CENTRALIZADO;27040;27041;I79S1C2J1V2;1;COPIAPÓ;2;1;DIURNA;2;FACULTAD DE CIENCIAS JURÍDICAS Y SOCIALES;DERECHO;Otras vías de ingreso;BEA;BEA;1;
ACCESO CENTRALIZADO;27040;27041;I79S1C2J1V2;1;COPIAPÓ;2;1;DIURNA;2;FACULTAD DE CIENCIAS JURÍDICAS Y SOCIALES;DERECHO;Otras vías de ingreso;PACE;PACE;34;
ACCESO CENTRALIZADO;27040;27041;I79S1C2J1V2;1;COPIAPÓ;2;1;DIURNA;2;FACULTAD DE CIENCIAS JURÍDICAS Y SOCIALES;DERECHO;Admisión especial;Equidad educativa;Equidad educativa;3;
ACCESO CENTRALIZADO;27040;27041;I79S1C2J1V2;1;COPIAPÓ;2;1;DIURNA;2;FACULTAD DE CIENCIAS JURÍDICAS Y SOCIALES;DERECHO;Admisión especial;Talento específico;Talento específico;2;
ACCESO CENTRALIZADO;27040;27041;I79S1C2J1V2;1;COPIAPÓ;2;1;DIURNA;2;FACULTAD DE CIENCIAS JURÍDICAS Y SOCIALES;DERECHO;Admisión especial;Identidad regional;Identidad regional;1;
ACCESO CENTRALIZADO;27040;27041;I79S1C2J1V2;1;COPIAPÓ;2;1;DIURNA;2;FACULTAD DE CIENCIAS JURÍDICAS Y SOCIALES;DERECHO;Admisión especial;Vacantes directas;Propedéutico;3;
ACCESO CENTRALIZADO;27040;27041;I79S1C2J1V2;1;COPIAPÓ;2;1;DIURNA;2;FACULTAD DE CIENCIAS JURÍDICAS Y SOCIALES;DERECHO;Admisión especial;Vacantes directas;Igualdad de genero;2;Hombres
ACCESO CENTRALIZADO;27040;27041;I79S1C2J1V2;1;COPIAPÓ;2;1;DIURNA;2;FACULTAD DE CIENCIAS JURÍDICAS Y SOCIALES;DERECHO;Admisión especial;Vacantes directas;Persona con licenciatura, titulo tecnico de nivel superioro o titulo profesional;2;
ACCESO CENTRALIZADO;27040;27041;I79S1C2J1V2;1;COPIAPÓ;2;1;DIURNA;2;FACULTAD DE CIENCIAS JURÍDICAS Y SOCIALES;DERECHO;Admisión especial;Vacantes directas;Distinción a la trayectoria educativa;0;
ACCESO CENTRALIZADO;27040;27041;I79S1C2J1V2;1;COPIAPÓ;2;1;DIURNA;2;FACULTAD DE CIENCIAS JURÍDICAS Y SOCIALES;DERECHO;Admisión especial;Vacantes directas;Experiencia laboral acreditada;2;
ACCESO CENTRALIZADO;27080;27080;I79S1C56J1V1;1;COPIAPÓ;56;1;DIURNA;1;FACULTAD DE CIENCIAS DE LA SALUD;ENFERMERIA;Admisión regular;Vacantes Regulares;Regulares;50;
ACCESO CENTRALIZADO;27080;27080;I79S1C56J1V1;1;COPIAPÓ;56;1;DIURNA;1;FACULTAD DE CIENCIAS DE LA SALUD;ENFERMERIA;Admisión regular;Sobrecupo;Sobrecupo;0;
ACCESO CENTRALIZADO;27080;27080;I79S1C56J1V1;1;COPIAPÓ;56;1;DIURNA;1;FACULTAD DE CIENCIAS DE LA SALUD;ENFERMERIA;Otras vías de ingreso;BEA;BEA;1;
ACCESO CENTRALIZADO;27080;27080;I79S1C56J1V1;1;COPIAPÓ;56;1;DIURNA;1;FACULTAD DE CIENCIAS DE LA SALUD;ENFERMERIA;Otras vías de ingreso;PACE;PACE;5;
ACCESO CENTRALIZADO;27080;27080;I79S1C56J1V1;1;COPIAPÓ;56;1;DIURNA;1;FACULTAD DE CIENCIAS DE LA SALUD;ENFERMERIA;Admisión especial;Equidad educativa;Equidad educativa;1;
ACCESO CENTRALIZADO;27080;27080;I79S1C56J1V1;1;COPIAPÓ;56;1;DIURNA;1;FACULTAD DE CIENCIAS DE LA SALUD;ENFERMERIA;Admisión especial;Talento específico;Talento específico;1;
ACCESO CENTRALIZADO;27080;27080;I79S1C56J1V1;1;COPIAPÓ;56;1;DIURNA;1;FACULTAD DE CIENCIAS DE LA SALUD;ENFERMERIA;Admisión especial;Identidad regional;Identidad regional;1;
ACCESO CENTRALIZADO;27080;27080;I79S1C56J1V1;1;COPIAPÓ;56;1;DIURNA;1;FACULTAD DE CIENCIAS DE LA SALUD;ENFERMERIA;Admisión especial;Vacantes directas;Propedéutico;1;
ACCESO CENTRALIZADO;27080;27080;I79S1C56J1V1;1;COPIAPÓ;56;1;DIURNA;1;FACULTAD DE CIENCIAS DE LA SALUD;ENFERMERIA;Admisión especial;Vacantes directas;Distinción a la trayectoria educativa;0;
ACCESO CENTRALIZADO;27009;27009;I79S1C58J1V2;1;COPIAPÓ;58;1;DIURNA;2;FACULTAD DE INGENIERÍA;GEOLOGÍA;Admisión regular;Vacantes Regulares;Regulares;70;
ACCESO CENTRALIZADO;27009;27009;I79S1C58J1V2;1;COPIAPÓ;58;1;DIURNA;2;FACULTAD DE INGENIERÍA;GEOLOGÍA;Admisión regular;Sobrecupo;Sobrecupo;5;
ACCESO CENTRALIZADO;27009;27009;I79S1C58J1V2;1;COPIAPÓ;58;1;DIURNA;2;FACULTAD DE INGENIERÍA;GEOLOGÍA;Otras vías de ingreso;BEA;BEA;1;
ACCESO CENTRALIZADO;27009;27009;I79S1C58J1V2;1;COPIAPÓ;58;1;DIURNA;2;FACULTAD DE INGENIERÍA;GEOLOGÍA;Otras vías de ingreso;PACE;PACE;20;
ACCESO CENTRALIZADO;27009;27009;I79S1C58J1V2;1;COPIAPÓ;58;1;DIURNA;2;FACULTAD DE INGENIERÍA;GEOLOGÍA;Otras vías de ingreso;Mujeres científicas;Mujeres científicas;2;
ACCESO CENTRALIZADO;27009;27009;I79S1C58J1V2;1;COPIAPÓ;58;1;DIURNA;2;FACULTAD DE INGENIERÍA;GEOLOGÍA;Admisión especial;Equidad educativa;Equidad educativa;2;
ACCESO CENTRALIZADO;27009;27009;I79S1C58J1V2;1;COPIAPÓ;58;1;DIURNA;2;FACULTAD DE INGENIERÍA;GEOLOGÍA;Admisión especial;Talento específico;Talento específico;1;
ACCESO CENTRALIZADO;27009;27009;I79S1C58J1V2;1;COPIAPÓ;58;1;DIURNA;2;FACULTAD DE INGENIERÍA;GEOLOGÍA;Admisión especial;Identidad regional;Identidad regional;1;
ACCESO CENTRALIZADO;27009;27009;I79S1C58J1V2;1;COPIAPÓ;58;1;DIURNA;2;FACULTAD DE INGENIERÍA;GEOLOGÍA;Admisión especial;Vacantes directas;Propedéutico;4;
ACCESO CENTRALIZADO;27009;27009;I79S1C58J1V2;1;COPIAPÓ;58;1;DIURNA;2;FACULTAD DE INGENIERÍA;GEOLOGÍA;Admisión especial;Vacantes directas;Distinción a la trayectoria educativa;0;
ACCESO CENTRALIZADO;27004;27004;I79S1C33J1V2;1;COPIAPÓ;33;1;DIURNA;2;FACULTAD DE INGENIERÍA;INGENIERIA CIVIL EN COMPUTACION E INFORMÁTICA;Admisión regular;Vacantes Regulares;Regulares;50;
ACCESO CENTRALIZADO;27004;27004;I79S1C33J1V2;1;COPIAPÓ;33;1;DIURNA;2;FACULTAD DE INGENIERÍA;INGENIERIA CIVIL EN COMPUTACION E INFORMÁTICA;Admisión regular;Sobrecupo;Sobrecupo;5;
ACCESO CENTRALIZADO;27004;27004;I79S1C33J1V2;1;COPIAPÓ;33;1;DIURNA;2;FACULTAD DE INGENIERÍA;INGENIERIA CIVIL EN COMPUTACION E INFORMÁTICA;Otras vías de ingreso;BEA;BEA;1;
ACCESO CENTRALIZADO;27004;27004;I79S1C33J1V2;1;COPIAPÓ;33;1;DIURNA;2;FACULTAD DE INGENIERÍA;INGENIERIA CIVIL EN COMPUTACION E INFORMÁTICA;Otras vías de ingreso;PACE;PACE;20;
ACCESO CENTRALIZADO;27004;27004;I79S1C33J1V2;1;COPIAPÓ;33;1;DIURNA;2;FACULTAD DE INGENIERÍA;INGENIERIA CIVIL EN COMPUTACION E INFORMÁTICA;Otras vías de ingreso;Mujeres científicas;Mujeres científicas;5;
ACCESO CENTRALIZADO;27004;27004;I79S1C33J1V2;1;COPIAPÓ;33;1;DIURNA;2;FACULTAD DE INGENIERÍA;INGENIERIA CIVIL EN COMPUTACION E INFORMÁTICA;Admisión especial;Equidad educativa;Equidad educativa;3;
ACCESO CENTRALIZADO;27004;27004;I79S1C33J1V2;1;COPIAPÓ;33;1;DIURNA;2;FACULTAD DE INGENIERÍA;INGENIERIA CIVIL EN COMPUTACION E INFORMÁTICA;Admisión especial;Talento específico;Talento específico;2;
ACCESO CENTRALIZADO;27004;27004;I79S1C33J1V2;1;COPIAPÓ;33;1;DIURNA;2;FACULTAD DE INGENIERÍA;INGENIERIA CIVIL EN COMPUTACION E INFORMÁTICA;Admisión especial;Identidad regional;Identidad regional;2;
ACCESO CENTRALIZADO;27004;27004;I79S1C33J1V2;1;COPIAPÓ;33;1;DIURNA;2;FACULTAD DE INGENIERÍA;INGENIERIA CIVIL EN COMPUTACION E INFORMÁTICA;Admisión especial;Vacantes directas;Propedéutico;4;
ACCESO CENTRALIZADO;27004;27004;I79S1C33J1V2;1;COPIAPÓ;33;1;DIURNA;2;FACULTAD DE INGENIERÍA;INGENIERIA CIVIL EN COMPUTACION E INFORMÁTICA;Admisión especial;Vacantes directas;Igualdad de genero;1;Mujeres
ACCESO CENTRALIZADO;27004;27004;I79S1C33J1V2;1;COPIAPÓ;33;1;DIURNA;2;FACULTAD DE INGENIERÍA;INGENIERIA CIVIL EN COMPUTACION E INFORMÁTICA;Admisión especial;Vacantes directas;Experiencia laboral acreditada;1;
ACCESO CENTRALIZADO;27004;27004;I79S1C33J1V2;1;COPIAPÓ;33;1;DIURNA;2;FACULTAD DE INGENIERÍA;INGENIERIA CIVIL EN COMPUTACION E INFORMÁTICA;Admisión especial;Vacantes directas;Persona con licenciatura, titulo tecnico de nivel superioro o titulo profesional;1;
ACCESO CENTRALIZADO;27004;27004;I79S1C33J1V2;1;COPIAPÓ;33;1;DIURNA;2;FACULTAD DE INGENIERÍA;INGENIERIA CIVIL EN COMPUTACION E INFORMÁTICA;Admisión especial;Vacantes directas;Distinción a la trayectoria educativa;0;
ACCESO CENTRALIZADO;27003;27003;I79S1C7J1V2;1;COPIAPÓ;7;1;DIURNA;2;FACULTAD DE INGENIERÍA;INGENIERÍA CIVIL EN METALURGIA;Admisión regular;Vacantes Regulares;Regulares;50;
ACCESO CENTRALIZADO;27003;27003;I79S1C7J1V2;1;COPIAPÓ;7;1;DIURNA;2;FACULTAD DE INGENIERÍA;INGENIERÍA CIVIL EN METALURGIA;Admisión regular;Sobrecupo;Sobrecupo;5;
ACCESO CENTRALIZADO;27003;27003;I79S1C7J1V2;1;COPIAPÓ;7;1;DIURNA;2;FACULTAD DE INGENIERÍA;INGENIERÍA CIVIL EN METALURGIA;Otras vías de ingreso;BEA;BEA;1;
ACCESO CENTRALIZADO;27003;27003;I79S1C7J1V2;1;COPIAPÓ;7;1;DIURNA;2;FACULTAD DE INGENIERÍA;INGENIERÍA CIVIL EN METALURGIA;Otras vías de ingreso;PACE;PACE;40;
ACCESO CENTRALIZADO;27003;27003;I79S1C7J1V2;1;COPIAPÓ;7;1;DIURNA;2;FACULTAD DE INGENIERÍA;INGENIERÍA CIVIL EN METALURGIA;Otras vías de ingreso;Mujeres científicas;Mujeres científicas;3;
ACCESO CENTRALIZADO;27003;27003;I79S1C7J1V2;1;COPIAPÓ;7;1;DIURNA;2;FACULTAD DE INGENIERÍA;INGENIERÍA CIVIL EN METALURGIA;Admisión especial;Equidad educativa;Equidad educativa;3;
ACCESO CENTRALIZADO;27003;27003;I79S1C7J1V2;1;COPIAPÓ;7;1;DIURNA;2;FACULTAD DE INGENIERÍA;INGENIERÍA CIVIL EN METALURGIA;Admisión especial;Talento específico;Talento específico;1;
ACCESO CENTRALIZADO;27003;27003;I79S1C7J1V2;1;COPIAPÓ;7;1;DIURNA;2;FACULTAD DE INGENIERÍA;INGENIERÍA CIVIL EN METALURGIA;Admisión especial;Identidad regional;Identidad regional;3;
ACCESO CENTRALIZADO;27003;27003;I79S1C7J1V2;1;COPIAPÓ;7;1;DIURNA;2;FACULTAD DE INGENIERÍA;INGENIERÍA CIVIL EN METALURGIA;Admisión especial;Vacantes directas;Propedéutico;3;
ACCESO CENTRALIZADO;27003;27003;I79S1C7J1V2;1;COPIAPÓ;7;1;DIURNA;2;FACULTAD DE INGENIERÍA;INGENIERÍA CIVIL EN METALURGIA;Admisión especial;Vacantes directas;Experiencia laboral acreditada;1;
ACCESO CENTRALIZADO;27003;27003;I79S1C7J1V2;1;COPIAPÓ;7;1;DIURNA;2;FACULTAD DE INGENIERÍA;INGENIERÍA CIVIL EN METALURGIA;Admisión especial;Vacantes directas;Distinción a la trayectoria educativa;0;
ACCESO CENTRALIZADO;27001;2781;I79S1C5J1V1;1;COPIAPÓ;5;1;DIURNA;1;FACULTAD DE INGENIERÍA;INGENIERÍA CIVIL EN MINAS;Admisión regular;Vacantes Regulares;Regulares;70;
ACCESO CENTRALIZADO;27001;2781;I79S1C5J1V1;1;COPIAPÓ;5;1;DIURNA;1;FACULTAD DE INGENIERÍA;INGENIERÍA CIVIL EN MINAS;Admisión regular;Sobrecupo;Sobrecupo;4;
ACCESO CENTRALIZADO;27001;2781;I79S1C5J1V1;1;COPIAPÓ;5;1;DIURNA;1;FACULTAD DE INGENIERÍA;INGENIERÍA CIVIL EN MINAS;Otras vías de ingreso;BEA;BEA;1;
ACCESO CENTRALIZADO;27001;2781;I79S1C5J1V1;1;COPIAPÓ;5;1;DIURNA;1;FACULTAD DE INGENIERÍA;INGENIERÍA CIVIL EN MINAS;Otras vías de ingreso;PACE;PACE;40;
ACCESO CENTRALIZADO;27001;2781;I79S1C5J1V1;1;COPIAPÓ;5;1;DIURNA;1;FACULTAD DE INGENIERÍA;INGENIERÍA CIVIL EN MINAS;Otras vías de ingreso;Mujeres científicas;Mujeres científicas;5;
ACCESO CENTRALIZADO;27001;2781;I79S1C5J1V1;1;COPIAPÓ;5;1;DIURNA;1;FACULTAD DE INGENIERÍA;INGENIERÍA CIVIL EN MINAS;Admisión especial;Equidad educativa;Equidad educativa;3;
ACCESO CENTRALIZADO;27001;2781;I79S1C5J1V1;1;COPIAPÓ;5;1;DIURNA;1;FACULTAD DE INGENIERÍA;INGENIERÍA CIVIL EN MINAS;Admisión especial;Talento específico;Talento específico;2;
ACCESO CENTRALIZADO;27001;2781;I79S1C5J1V1;1;COPIAPÓ;5;1;DIURNA;1;FACULTAD DE INGENIERÍA;INGENIERÍA CIVIL EN MINAS;Admisión especial;Identidad regional;Identidad regional;2;
ACCESO CENTRALIZADO;27001;2781;I79S1C5J1V1;1;COPIAPÓ;5;1;DIURNA;1;FACULTAD DE INGENIERÍA;INGENIERÍA CIVIL EN MINAS;Admisión especial;Vacantes directas;Propedéutico;4;
ACCESO CENTRALIZADO;27001;2781;I79S1C5J1V1;1;COPIAPÓ;5;1;DIURNA;1;FACULTAD DE INGENIERÍA;INGENIERÍA CIVIL EN MINAS;Admisión especial;Vacantes directas;Igualdad de genero;2;Mujeres
ACCESO CENTRALIZADO;27001;2781;I79S1C5J1V1;1;COPIAPÓ;5;1;DIURNA;1;FACULTAD DE INGENIERÍA;INGENIERÍA CIVIL EN MINAS;Admisión especial;Vacantes directas;Experiencia laboral acreditada;1;
ACCESO CENTRALIZADO;27001;2781;I79S1C5J1V1;1;COPIAPÓ;5;1;DIURNA;1;FACULTAD DE INGENIERÍA;INGENIERÍA CIVIL EN MINAS;Admisión especial;Vacantes directas;Persona con licenciatura, titulo tecnico de nivel superioro o titulo profesional;1;
ACCESO CENTRALIZADO;27001;2781;I79S1C5J1V1;1;COPIAPÓ;5;1;DIURNA;1;FACULTAD DE INGENIERÍA;INGENIERÍA CIVIL EN MINAS;Admisión especial;Vacantes directas;Distinción a la trayectoria educativa;0;
ACCESO CENTRALIZADO;27005;27006;I79S1C6J1V2;1;COPIAPÓ;6;1;DIURNA;2;FACULTAD DE INGENIERÍA;INGENIERÍA CIVIL INDUSTRIAL;Admisión regular;Vacantes Regulares;Regulares;55;
ACCESO CENTRALIZADO;27005;27006;I79S1C6J1V2;1;COPIAPÓ;6;1;DIURNA;2;FACULTAD DE INGENIERÍA;INGENIERÍA CIVIL INDUSTRIAL;Admisión regular;Sobrecupo;Sobrecupo;5;
ACCESO CENTRALIZADO;27005;27006;I79S1C6J1V2;1;COPIAPÓ;6;1;DIURNA;2;FACULTAD DE INGENIERÍA;INGENIERÍA CIVIL INDUSTRIAL;Otras vías de ingreso;BEA;BEA;1;
ACCESO CENTRALIZADO;27005;27006;I79S1C6J1V2;1;COPIAPÓ;6;1;DIURNA;2;FACULTAD DE INGENIERÍA;INGENIERÍA CIVIL INDUSTRIAL;Otras vías de ingreso;PACE;PACE;40;
ACCESO CENTRALIZADO;27005;27006;I79S1C6J1V2;1;COPIAPÓ;6;1;DIURNA;2;FACULTAD DE INGENIERÍA;INGENIERÍA CIVIL INDUSTRIAL;Otras vías de ingreso;Mujeres científicas;Mujeres científicas;4;
ACCESO CENTRALIZADO;27005;27006;I79S1C6J1V2;1;COPIAPÓ;6;1;DIURNA;2;FACULTAD DE INGENIERÍA;INGENIERÍA CIVIL INDUSTRIAL;Admisión especial;Equidad educativa;Equidad educativa;3;
ACCESO CENTRALIZADO;27005;27006;I79S1C6J1V2;1;COPIAPÓ;6;1;DIURNA;2;FACULTAD DE INGENIERÍA;INGENIERÍA CIVIL INDUSTRIAL;Admisión especial;Talento específico;Talento específico;1;
ACCESO CENTRALIZADO;27005;27006;I79S1C6J1V2;1;COPIAPÓ;6;1;DIURNA;2;FACULTAD DE INGENIERÍA;INGENIERÍA CIVIL INDUSTRIAL;Admisión especial;Identidad regional;Identidad regional;2;
ACCESO CENTRALIZADO;27005;27006;I79S1C6J1V2;1;COPIAPÓ;6;1;DIURNA;2;FACULTAD DE INGENIERÍA;INGENIERÍA CIVIL INDUSTRIAL;Admisión especial;Vacantes directas;Propedéutico;3;
ACCESO CENTRALIZADO;27005;27006;I79S1C6J1V2;1;COPIAPÓ;6;1;DIURNA;2;FACULTAD DE INGENIERÍA;INGENIERÍA CIVIL INDUSTRIAL;Admisión especial;Vacantes directas;Igualdad de genero;1;Mujeres
ACCESO CENTRALIZADO;27005;27006;I79S1C6J1V2;1;COPIAPÓ;6;1;DIURNA;2;FACULTAD DE INGENIERÍA;INGENIERÍA CIVIL INDUSTRIAL;Admisión especial;Vacantes directas;Distinción a la trayectoria educativa;0;
ACCESO CENTRALIZADO;27005;27006;I79S1C6J1V2;1;COPIAPÓ;6;1;DIURNA;2;FACULTAD DE INGENIERÍA;INGENIERÍA CIVIL INDUSTRIAL;Admisión especial;Vacantes directas;Experiencia laboral acreditada;1;
ACCESO CENTRALIZADO;27063;27063;I79S1C60J1V1;1;COPIAPÓ;60;1;DIURNA;1;FACULTAD DE INGENIERÍA;INGENIERÍA COMERCIAL;Admisión regular;Vacantes Regulares;Regulares;55;
ACCESO CENTRALIZADO;27063;27063;I79S1C60J1V1;1;COPIAPÓ;60;1;DIURNA;1;FACULTAD DE INGENIERÍA;INGENIERÍA COMERCIAL;Admisión regular;Sobrecupo;Sobrecupo;5;
ACCESO CENTRALIZADO;27063;27063;I79S1C60J1V1;1;COPIAPÓ;60;1;DIURNA;1;FACULTAD DE INGENIERÍA;INGENIERÍA COMERCIAL;Otras vías de ingreso;BEA;BEA;1;
ACCESO CENTRALIZADO;27063;27063;I79S1C60J1V1;1;COPIAPÓ;60;1;DIURNA;1;FACULTAD DE INGENIERÍA;INGENIERÍA COMERCIAL;Otras vías de ingreso;PACE;PACE;20;
ACCESO CENTRALIZADO;27063;27063;I79S1C60J1V1;1;COPIAPÓ;60;1;DIURNA;1;FACULTAD DE INGENIERÍA;INGENIERÍA COMERCIAL;Admisión especial;Equidad educativa;Equidad educativa;3;
ACCESO CENTRALIZADO;27063;27063;I79S1C60J1V1;1;COPIAPÓ;60;1;DIURNA;1;FACULTAD DE INGENIERÍA;INGENIERÍA COMERCIAL;Admisión especial;Talento específico;Talento específico;1;
ACCESO CENTRALIZADO;27063;27063;I79S1C60J1V1;1;COPIAPÓ;60;1;DIURNA;1;FACULTAD DE INGENIERÍA;INGENIERÍA COMERCIAL;Admisión especial;Identidad regional;Identidad regional;1;
ACCESO CENTRALIZADO;27063;27063;I79S1C60J1V1;1;COPIAPÓ;60;1;DIURNA;1;FACULTAD DE INGENIERÍA;INGENIERÍA COMERCIAL;Admisión especial;Vacantes directas;Propedéutico;2;
ACCESO CENTRALIZADO;27063;27063;I79S1C60J1V1;1;COPIAPÓ;60;1;DIURNA;1;FACULTAD DE INGENIERÍA;INGENIERÍA COMERCIAL;Admisión especial;Vacantes directas;Experiencia laboral acreditada;1;
ACCESO CENTRALIZADO;27063;27063;I79S1C60J1V1;1;COPIAPÓ;60;1;DIURNA;1;FACULTAD DE INGENIERÍA;INGENIERÍA COMERCIAL;Admisión especial;Vacantes directas;Distinción a la trayectoria educativa;0;
ACCESO DIRECTO;3273;3273;I79S1C32J2V5;1;COPIAPÓ;32;2;VESPERTINO;5;FACULTAD TECNOLÓGICA;INGENIERÍA DE EJECUCIÓN EN ADMINISTRACIÓN DE EMPRESAS;Admisión directa;Continuidad de estudios;Continuidad de estudios;35;
ACCESO DIRECTO;3126;3126;I79S3C32J2V5;3;VALLENAR;32;2;VESPERTINO;5;SEDE VALLENAR;INGENIERÍA DE EJECUCIÓN EN ADMINISTRACIÓN DE EMPRESAS;Admisión directa;Continuidad de estudios;Continuidad de estudios;40;
ACCESO DIRECTO;3235;3235;I79S1C156J2V2;1;COPIAPÓ;156;2;VESPERTINO;2;FACULTAD TECNOLÓGICA;INGENIERÍA DE EJECUCIÓN EN ELECTRICIDAD;Admisión directa;Continuidad de estudios;Continuidad de estudios;40;
ACCESO DIRECTO;3210;3210;I79S1C157J2V2;1;COPIAPÓ;157;2;VESPERTINO;2;FACULTAD TECNOLÓGICA;INGENIERÍA DE EJECUCIÓN EN INSTRUMENTACIÓN Y AUTOMATIZACIÓN INDUSTRIAL;Admisión directa;Continuidad de estudios;Continuidad de estudios;35;
ACCESO DIRECTO;3246;3246;I79S3C157J2V2;3;VALLENAR;157;2;VESPERTINO;2;SEDE VALLENAR;INGENIERÍA DE EJECUCIÓN EN INSTRUMENTACIÓN Y AUTOMATIZACIÓN INDUSTRIAL;Admisión directa;Continuidad de estudios;Continuidad de estudios;25;
ACCESO DIRECTO;3237;3237;I79S1C158J2V4;1;COPIAPÓ;158;2;VESPERTINO;4;FACULTAD TECNOLÓGICA;INGENIERÍA DE EJECUCIÓN EN MANTENIMIENTO INDUSTRIAL;Admisión directa;Continuidad de estudios;Continuidad de estudios;35;
ACCESO DIRECTO;3247;3247;I79S3C158J2V4;3;VALLENAR;158;2;VESPERTINO;4;SEDE VALLENAR;INGENIERÍA DE EJECUCIÓN EN MANTENIMIENTO INDUSTRIAL;Admisión directa;Continuidad de estudios;Continuidad de estudios;30;
ACCESO DIRECTO;3194;3194;I79S1C9J2V4;1;COPIAPÓ;9;2;VESPERTINO;4;FACULTAD TECNOLÓGICA;INGENIERÍA DE EJECUCIÓN EN MINAS;Admisión directa;Continuidad de estudios;Continuidad de estudios;40;
ACCESO DIRECTO;3302;3302;I79S3C9J2V4;3;VALLENAR;9;2;VESPERTINO;4;SEDE VALLENAR;INGENIERÍA DE EJECUCIÓN EN MINAS;Admisión directa;Continuidad de estudios;Continuidad de estudios;40;
ACCESO CENTRALIZADO;27050;1012;I79S1C170J1V1;1;COPIAPÓ;170;1;DIURNA;1;FACULTAD DE CIENCIAS DE LA SALUD;KINESIOLOGÍA;Admisión regular;Vacantes Regulares;Regulares;55;
ACCESO CENTRALIZADO;27050;1012;I79S1C170J1V1;1;COPIAPÓ;170;1;DIURNA;1;FACULTAD DE CIENCIAS DE LA SALUD;KINESIOLOGÍA;Admisión regular;Sobrecupo;Sobrecupo;0;
ACCESO CENTRALIZADO;27050;1012;I79S1C170J1V1;1;COPIAPÓ;170;1;DIURNA;1;FACULTAD DE CIENCIAS DE LA SALUD;KINESIOLOGÍA;Otras vías de ingreso;BEA;BEA;1;
ACCESO CENTRALIZADO;27050;1012;I79S1C170J1V1;1;COPIAPÓ;170;1;DIURNA;1;FACULTAD DE CIENCIAS DE LA SALUD;KINESIOLOGÍA;Otras vías de ingreso;PACE;PACE;2;
ACCESO CENTRALIZADO;27050;1012;I79S1C170J1V1;1;COPIAPÓ;170;1;DIURNA;1;FACULTAD DE CIENCIAS DE LA SALUD;KINESIOLOGÍA;Admisión especial;Equidad educativa;Equidad educativa;1;
ACCESO CENTRALIZADO;27050;1012;I79S1C170J1V1;1;COPIAPÓ;170;1;DIURNA;1;FACULTAD DE CIENCIAS DE LA SALUD;KINESIOLOGÍA;Admisión especial;Talento específico;Talento específico;1;
ACCESO CENTRALIZADO;27050;1012;I79S1C170J1V1;1;COPIAPÓ;170;1;DIURNA;1;FACULTAD DE CIENCIAS DE LA SALUD;KINESIOLOGÍA;Admisión especial;Identidad regional;Identidad regional;1;
ACCESO CENTRALIZADO;27050;1012;I79S1C170J1V1;1;COPIAPÓ;170;1;DIURNA;1;FACULTAD DE CIENCIAS DE LA SALUD;KINESIOLOGÍA;Admisión especial;Vacantes directas;Propedéutico;1;
ACCESO CENTRALIZADO;27050;1012;I79S1C170J1V1;1;COPIAPÓ;170;1;DIURNA;1;FACULTAD DE CIENCIAS DE LA SALUD;KINESIOLOGÍA;Admisión especial;Vacantes directas;Distinción a la trayectoria educativa;0;
ACCESO CENTRALIZADO;27021;27021;I79S1C104J1V1;1;COPIAPÓ;104;1;DIURNA;1;FACULTAD DE HUMANIDADES Y EDUACIÓN;LIC. EN EDUC. Y PED. EN ED. FISICA;Admisión regular;Vacantes Regulares;Regulares;35;
ACCESO CENTRALIZADO;27021;27021;I79S1C104J1V1;1;COPIAPÓ;104;1;DIURNA;1;FACULTAD DE HUMANIDADES Y EDUACIÓN;LIC. EN EDUC. Y PED. EN ED. FISICA;Admisión regular;Sobrecupo;Sobrecupo;2;
ACCESO CENTRALIZADO;27021;27021;I79S1C104J1V1;1;COPIAPÓ;104;1;DIURNA;1;FACULTAD DE HUMANIDADES Y EDUACIÓN;LIC. EN EDUC. Y PED. EN ED. FISICA;Otras vías de ingreso;BEA;BEA;1;
ACCESO CENTRALIZADO;27021;27021;I79S1C104J1V1;1;COPIAPÓ;104;1;DIURNA;1;FACULTAD DE HUMANIDADES Y EDUACIÓN;LIC. EN EDUC. Y PED. EN ED. FISICA;Otras vías de ingreso;PACE;PACE;25;
ACCESO CENTRALIZADO;27021;27021;I79S1C104J1V1;1;COPIAPÓ;104;1;DIURNA;1;FACULTAD DE HUMANIDADES Y EDUACIÓN;LIC. EN EDUC. Y PED. EN ED. FISICA;Admisión especial;Equidad educativa;Equidad educativa;0;
ACCESO CENTRALIZADO;27021;27021;I79S1C104J1V1;1;COPIAPÓ;104;1;DIURNA;1;FACULTAD DE HUMANIDADES Y EDUACIÓN;LIC. EN EDUC. Y PED. EN ED. FISICA;Admisión especial;Vacantes directas;Habilitación pedagógica;6;
ACCESO CENTRALIZADO;27023;27023;I79S1C16J1V1;1;COPIAPÓ;16;1;DIURNA;1;FACULTAD DE HUMANIDADES Y EDUACIÓN;LIC EN EDUC Y PED EN ED GRAL BASICA;Admisión regular;Vacantes Regulares;Regulares;30;
ACCESO CENTRALIZADO;27023;27023;I79S1C16J1V1;1;COPIAPÓ;16;1;DIURNA;1;FACULTAD DE HUMANIDADES Y EDUACIÓN;LIC EN EDUC Y PED EN ED GRAL BASICA;Admisión regular;Sobrecupo;Sobrecupo;5;
ACCESO CENTRALIZADO;27023;27023;I79S1C16J1V1;1;COPIAPÓ;16;1;DIURNA;1;FACULTAD DE HUMANIDADES Y EDUACIÓN;LIC EN EDUC Y PED EN ED GRAL BASICA;Otras vías de ingreso;BEA;BEA;1;
ACCESO CENTRALIZADO;27023;27023;I79S1C16J1V1;1;COPIAPÓ;16;1;DIURNA;1;FACULTAD DE HUMANIDADES Y EDUACIÓN;LIC EN EDUC Y PED EN ED GRAL BASICA;Otras vías de ingreso;PACE;PACE;25;
ACCESO CENTRALIZADO;27023;27023;I79S1C16J1V1;1;COPIAPÓ;16;1;DIURNA;1;FACULTAD DE HUMANIDADES Y EDUACIÓN;LIC EN EDUC Y PED EN ED GRAL BASICA;Admisión especial;Equidad educativa;Equidad educativa;0;
ACCESO CENTRALIZADO;27023;27023;I79S1C16J1V1;1;COPIAPÓ;16;1;DIURNA;1;FACULTAD DE HUMANIDADES Y EDUACIÓN;LIC EN EDUC Y PED EN ED GRAL BASICA;Admisión especial;Vacantes directas;Habilitación pedagógica;8;
ACCESO CENTRALIZADO;27028;27028;I79S1C17J1V1;1;COPIAPÓ;17;1;DIURNA;1;FACULTAD DE HUMANIDADES Y EDUACIÓN;LIC EN EDUC Y PED EN EDUC PARVULARIA;Admisión regular;Vacantes Regulares;Regulares;30;
ACCESO CENTRALIZADO;27028;27028;I79S1C17J1V1;1;COPIAPÓ;17;1;DIURNA;1;FACULTAD DE HUMANIDADES Y EDUACIÓN;LIC EN EDUC Y PED EN EDUC PARVULARIA;Admisión regular;Sobrecupo;Sobrecupo;5;
ACCESO CENTRALIZADO;27028;27028;I79S1C17J1V1;1;COPIAPÓ;17;1;DIURNA;1;FACULTAD DE HUMANIDADES Y EDUACIÓN;LIC EN EDUC Y PED EN EDUC PARVULARIA;Otras vías de ingreso;BEA;BEA;1;
ACCESO CENTRALIZADO;27028;27028;I79S1C17J1V1;1;COPIAPÓ;17;1;DIURNA;1;FACULTAD DE HUMANIDADES Y EDUACIÓN;LIC EN EDUC Y PED EN EDUC PARVULARIA;Otras vías de ingreso;PACE;PACE;25;
ACCESO CENTRALIZADO;27028;27028;I79S1C17J1V1;1;COPIAPÓ;17;1;DIURNA;1;FACULTAD DE HUMANIDADES Y EDUACIÓN;LIC EN EDUC Y PED EN EDUC PARVULARIA;Admisión especial;Equidad educativa;Equidad educativa;0;
ACCESO CENTRALIZADO;27028;27028;I79S1C17J1V1;1;COPIAPÓ;17;1;DIURNA;1;FACULTAD DE HUMANIDADES Y EDUACIÓN;LIC EN EDUC Y PED EN EDUC PARVULARIA;Admisión especial;Vacantes directas;Habilitación pedagógica;8;
ACCESO CENTRALIZADO;27027;27027;I79S1C14J1V1;1;COPIAPÓ;14;1;DIURNA;1;FACULTAD DE HUMANIDADES Y EDUACIÓN;LIC EN EDUC Y PED EN INGLES;Admisión regular;Vacantes Regulares;Regulares;30;
ACCESO CENTRALIZADO;27027;27027;I79S1C14J1V1;1;COPIAPÓ;14;1;DIURNA;1;FACULTAD DE HUMANIDADES Y EDUACIÓN;LIC EN EDUC Y PED EN INGLES;Admisión regular;Sobrecupo;Sobrecupo;5;
ACCESO CENTRALIZADO;27027;27027;I79S1C14J1V1;1;COPIAPÓ;14;1;DIURNA;1;FACULTAD DE HUMANIDADES Y EDUACIÓN;LIC EN EDUC Y PED EN INGLES;Otras vías de ingreso;BEA;BEA;1;
ACCESO CENTRALIZADO;27027;27027;I79S1C14J1V1;1;COPIAPÓ;14;1;DIURNA;1;FACULTAD DE HUMANIDADES Y EDUACIÓN;LIC EN EDUC Y PED EN INGLES;Otras vías de ingreso;PACE;PACE;25;
ACCESO CENTRALIZADO;27027;27027;I79S1C14J1V1;1;COPIAPÓ;14;1;DIURNA;1;FACULTAD DE HUMANIDADES Y EDUACIÓN;LIC EN EDUC Y PED EN INGLES;Admisión especial;Equidad educativa;Equidad educativa;0;
ACCESO CENTRALIZADO;27027;27027;I79S1C14J1V1;1;COPIAPÓ;14;1;DIURNA;1;FACULTAD DE HUMANIDADES Y EDUACIÓN;LIC EN EDUC Y PED EN INGLES;Admisión especial;Vacantes directas;Habilitación pedagógica;8;
ACCESO CENTRALIZADO;27022;27022;I79S1C229J1V1;1;COPIAPÓ;229;1;DIURNA;1;FACULTAD DE HUMANIDADES Y EDUACIÓN;LIC. EN TRADUCTOLOGÍA Y TRADUCTOR E INTERPRETE INGLES-ESPAÑOL;Admisión regular;Vacantes Regulares;Regulares;37;
ACCESO CENTRALIZADO;27022;27022;I79S1C229J1V1;1;COPIAPÓ;229;1;DIURNA;1;FACULTAD DE HUMANIDADES Y EDUACIÓN;LIC. EN TRADUCTOLOGÍA Y TRADUCTOR E INTERPRETE INGLES-ESPAÑOL;Admisión regular;Sobrecupo;Sobrecupo;3;
ACCESO CENTRALIZADO;27022;27022;I79S1C229J1V1;1;COPIAPÓ;229;1;DIURNA;1;FACULTAD DE HUMANIDADES Y EDUACIÓN;LIC. EN TRADUCTOLOGÍA Y TRADUCTOR E INTERPRETE INGLES-ESPAÑOL;Otras vías de ingreso;BEA;BEA;1;
ACCESO CENTRALIZADO;27022;27022;I79S1C229J1V1;1;COPIAPÓ;229;1;DIURNA;1;FACULTAD DE HUMANIDADES Y EDUACIÓN;LIC. EN TRADUCTOLOGÍA Y TRADUCTOR E INTERPRETE INGLES-ESPAÑOL;Otras vías de ingreso;PACE;PACE;25;
ACCESO CENTRALIZADO;27022;27022;I79S1C229J1V1;1;COPIAPÓ;229;1;DIURNA;1;FACULTAD DE HUMANIDADES Y EDUACIÓN;LIC. EN TRADUCTOLOGÍA Y TRADUCTOR E INTERPRETE INGLES-ESPAÑOL;Admisión especial;Equidad educativa;Equidad educativa;2;
ACCESO CENTRALIZADO;27022;27022;I79S1C229J1V1;1;COPIAPÓ;229;1;DIURNA;1;FACULTAD DE HUMANIDADES Y EDUACIÓN;LIC. EN TRADUCTOLOGÍA Y TRADUCTOR E INTERPRETE INGLES-ESPAÑOL;Admisión especial;Talento específico;Talento específico;1;
ACCESO CENTRALIZADO;27022;27022;I79S1C229J1V1;1;COPIAPÓ;229;1;DIURNA;1;FACULTAD DE HUMANIDADES Y EDUACIÓN;LIC. EN TRADUCTOLOGÍA Y TRADUCTOR E INTERPRETE INGLES-ESPAÑOL;Admisión especial;Identidad regional;Identidad regional;1;
ACCESO CENTRALIZADO;27022;27022;I79S1C229J1V1;1;COPIAPÓ;229;1;DIURNA;1;FACULTAD DE HUMANIDADES Y EDUACIÓN;LIC. EN TRADUCTOLOGÍA Y TRADUCTOR E INTERPRETE INGLES-ESPAÑOL;Admisión especial;Vacantes directas;Propedéutico;2;
ACCESO CENTRALIZADO;27022;27022;I79S1C229J1V1;1;COPIAPÓ;229;1;DIURNA;1;FACULTAD DE HUMANIDADES Y EDUACIÓN;LIC. EN TRADUCTOLOGÍA Y TRADUCTOR E INTERPRETE INGLES-ESPAÑOL;Admisión especial;Vacantes directas;Igualdad de genero;2;Hombres
ACCESO CENTRALIZADO;27022;27022;I79S1C229J1V1;1;COPIAPÓ;229;1;DIURNA;1;FACULTAD DE HUMANIDADES Y EDUACIÓN;LIC. EN TRADUCTOLOGÍA Y TRADUCTOR E INTERPRETE INGLES-ESPAÑOL;Admisión especial;Vacantes directas;Distinción a la trayectoria educativa;0;
ACCESO CENTRALIZADO;27070;27070;I79S1C222J1V1;1;COPIAPÓ;222;1;DIURNA;1;FACULTAD DE MEDICINA;MEDICINA;Admisión regular;Vacantes Regulares;Regulares;45;
ACCESO CENTRALIZADO;27070;27070;I79S1C222J1V1;1;COPIAPÓ;222;1;DIURNA;1;FACULTAD DE MEDICINA;MEDICINA;Admisión regular;Sobrecupo;Sobrecupo;1;
ACCESO CENTRALIZADO;27070;27070;I79S1C222J1V1;1;COPIAPÓ;222;1;DIURNA;1;FACULTAD DE MEDICINA;MEDICINA;Otras vías de ingreso;BEA;BEA;1;
ACCESO CENTRALIZADO;27070;27070;I79S1C222J1V1;1;COPIAPÓ;222;1;DIURNA;1;FACULTAD DE MEDICINA;MEDICINA;Otras vías de ingreso;PACE;PACE;2;
ACCESO CENTRALIZADO;27070;27070;I79S1C222J1V1;1;COPIAPÓ;222;1;DIURNA;1;FACULTAD DE MEDICINA;MEDICINA;Admisión especial;Equidad educativa;Equidad educativa;1;
ACCESO CENTRALIZADO;27070;27070;I79S1C222J1V1;1;COPIAPÓ;222;1;DIURNA;1;FACULTAD DE MEDICINA;MEDICINA;Admisión especial;Talento específico;Talento específico;1;
ACCESO CENTRALIZADO;27070;27070;I79S1C222J1V1;1;COPIAPÓ;222;1;DIURNA;1;FACULTAD DE MEDICINA;MEDICINA;Admisión especial;Identidad regional;Identidad regional;1;
ACCESO CENTRALIZADO;27070;27070;I79S1C222J1V1;1;COPIAPÓ;222;1;DIURNA;1;FACULTAD DE MEDICINA;MEDICINA;Admisión especial;Vacantes directas;Propedéutico;2;
ACCESO CENTRALIZADO;27051;1013;I79S1C171J1V1;1;COPIAPÓ;171;1;DIURNA;1;FACULTAD DE CIENCIAS DE LA SALUD;NUTRICIÓN Y DIETETICA;Admisión regular;Vacantes Regulares;Regulares;60;
ACCESO CENTRALIZADO;27051;1013;I79S1C171J1V1;1;COPIAPÓ;171;1;DIURNA;1;FACULTAD DE CIENCIAS DE LA SALUD;NUTRICIÓN Y DIETETICA;Admisión regular;Sobrecupo;Sobrecupo;0;
ACCESO CENTRALIZADO;27051;1013;I79S1C171J1V1;1;COPIAPÓ;171;1;DIURNA;1;FACULTAD DE CIENCIAS DE LA SALUD;NUTRICIÓN Y DIETETICA;Otras vías de ingreso;BEA;BEA;1;
ACCESO CENTRALIZADO;27051;1013;I79S1C171J1V1;1;COPIAPÓ;171;1;DIURNA;1;FACULTAD DE CIENCIAS DE LA SALUD;NUTRICIÓN Y DIETETICA;Otras vías de ingreso;PACE;PACE;9;
ACCESO CENTRALIZADO;27051;1013;I79S1C171J1V1;1;COPIAPÓ;171;1;DIURNA;1;FACULTAD DE CIENCIAS DE LA SALUD;NUTRICIÓN Y DIETETICA;Admisión especial;Equidad educativa;Equidad educativa;1;
ACCESO CENTRALIZADO;27051;1013;I79S1C171J1V1;1;COPIAPÓ;171;1;DIURNA;1;FACULTAD DE CIENCIAS DE LA SALUD;NUTRICIÓN Y DIETETICA;Admisión especial;Talento específico;Talento específico;1;
ACCESO CENTRALIZADO;27051;1013;I79S1C171J1V1;1;COPIAPÓ;171;1;DIURNA;1;FACULTAD DE CIENCIAS DE LA SALUD;NUTRICIÓN Y DIETETICA;Admisión especial;Identidad regional;Identidad regional;1;
ACCESO CENTRALIZADO;27051;1013;I79S1C171J1V1;1;COPIAPÓ;171;1;DIURNA;1;FACULTAD DE CIENCIAS DE LA SALUD;NUTRICIÓN Y DIETETICA;Admisión especial;Vacantes directas;Propedéutico;1;
ACCESO CENTRALIZADO;27051;1013;I79S1C171J1V1;1;COPIAPÓ;171;1;DIURNA;1;FACULTAD DE CIENCIAS DE LA SALUD;NUTRICIÓN Y DIETETICA;Admisión especial;Vacantes directas;Distinción a la trayectoria educativa;0;
ACCESO CENTRALIZADO;27052;1014;I79S1C172J1V1;1;COPIAPÓ;172;1;DIURNA;1;FACULTAD DE CIENCIAS DE LA SALUD;OBSTETRICIA Y PUERICULTURA;Admisión regular;Vacantes Regulares;Regulares;45;
ACCESO CENTRALIZADO;27052;1014;I79S1C172J1V1;1;COPIAPÓ;172;1;DIURNA;1;FACULTAD DE CIENCIAS DE LA SALUD;OBSTETRICIA Y PUERICULTURA;Admisión regular;Sobrecupo;Sobrecupo;0;
ACCESO CENTRALIZADO;27052;1014;I79S1C172J1V1;1;COPIAPÓ;172;1;DIURNA;1;FACULTAD DE CIENCIAS DE LA SALUD;OBSTETRICIA Y PUERICULTURA;Otras vías de ingreso;BEA;BEA;1;
ACCESO CENTRALIZADO;27052;1014;I79S1C172J1V1;1;COPIAPÓ;172;1;DIURNA;1;FACULTAD DE CIENCIAS DE LA SALUD;OBSTETRICIA Y PUERICULTURA;Otras vías de ingreso;PACE;PACE;8;
ACCESO CENTRALIZADO;27052;1014;I79S1C172J1V1;1;COPIAPÓ;172;1;DIURNA;1;FACULTAD DE CIENCIAS DE LA SALUD;OBSTETRICIA Y PUERICULTURA;Admisión especial;Equidad educativa;Equidad educativa;1;
ACCESO CENTRALIZADO;27052;1014;I79S1C172J1V1;1;COPIAPÓ;172;1;DIURNA;1;FACULTAD DE CIENCIAS DE LA SALUD;OBSTETRICIA Y PUERICULTURA;Admisión especial;Talento específico;Talento específico;1;
ACCESO CENTRALIZADO;27052;1014;I79S1C172J1V1;1;COPIAPÓ;172;1;DIURNA;1;FACULTAD DE CIENCIAS DE LA SALUD;OBSTETRICIA Y PUERICULTURA;Admisión especial;Identidad regional;Identidad regional;1;
ACCESO CENTRALIZADO;27052;1014;I79S1C172J1V1;1;COPIAPÓ;172;1;DIURNA;1;FACULTAD DE CIENCIAS DE LA SALUD;OBSTETRICIA Y PUERICULTURA;Admisión especial;Vacantes directas;Propedéutico;1;
ACCESO CENTRALIZADO;27052;1014;I79S1C172J1V1;1;COPIAPÓ;172;1;DIURNA;1;FACULTAD DE CIENCIAS DE LA SALUD;OBSTETRICIA Y PUERICULTURA;Admisión especial;Vacantes directas;Distinción a la trayectoria educativa;0;
ACCESO CENTRALIZADO;27020;1011;I79S1C174J1V1;1;COPIAPÓ;174;1;DIURNA;1;FACULTAD DE HUMANIDADES Y EDUCACIÓN;PSICOLOGÍA;Admisión regular;Vacantes Regulares;Regulares;60;
ACCESO CENTRALIZADO;27020;1011;I79S1C174J1V1;1;COPIAPÓ;174;1;DIURNA;1;FACULTAD DE HUMANIDADES Y EDUCACIÓN;PSICOLOGÍA;Admisión regular;Sobrecupo;Sobrecupo;5;
ACCESO CENTRALIZADO;27020;1011;I79S1C174J1V1;1;COPIAPÓ;174;1;DIURNA;1;FACULTAD DE HUMANIDADES Y EDUCACIÓN;PSICOLOGÍA;Otras vías de ingreso;BEA;BEA;1;
ACCESO CENTRALIZADO;27020;1011;I79S1C174J1V1;1;COPIAPÓ;174;1;DIURNA;1;FACULTAD DE HUMANIDADES Y EDUCACIÓN;PSICOLOGÍA;Otras vías de ingreso;PACE;PACE;35;
ACCESO CENTRALIZADO;27020;1011;I79S1C174J1V1;1;COPIAPÓ;174;1;DIURNA;1;FACULTAD DE HUMANIDADES Y EDUCACIÓN;PSICOLOGÍA;Admisión especial;Equidad educativa;Equidad educativa;2;
ACCESO CENTRALIZADO;27020;1011;I79S1C174J1V1;1;COPIAPÓ;174;1;DIURNA;1;FACULTAD DE HUMANIDADES Y EDUCACIÓN;PSICOLOGÍA;Admisión especial;Talento específico;Talento específico;1;
ACCESO CENTRALIZADO;27020;1011;I79S1C174J1V1;1;COPIAPÓ;174;1;DIURNA;1;FACULTAD DE HUMANIDADES Y EDUCACIÓN;PSICOLOGÍA;Admisión especial;Identidad regional;Identidad regional;1;
ACCESO CENTRALIZADO;27020;1011;I79S1C174J1V1;1;COPIAPÓ;174;1;DIURNA;1;FACULTAD DE HUMANIDADES Y EDUCACIÓN;PSICOLOGÍA;Admisión especial;Vacantes directas;Propedéutico;3;
ACCESO CENTRALIZADO;27020;1011;I79S1C174J1V1;1;COPIAPÓ;174;1;DIURNA;1;FACULTAD DE HUMANIDADES Y EDUCACIÓN;PSICOLOGÍA;Admisión especial;Vacantes directas;Igualdad de genero;1;Hombres
ACCESO CENTRALIZADO;27020;1011;I79S1C174J1V1;1;COPIAPÓ;174;1;DIURNA;1;FACULTAD DE HUMANIDADES Y EDUCACIÓN;PSICOLOGÍA;Admisión especial;Vacantes directas;Distinción a la trayectoria educativa;0;
ACCESO DIRECTO;27047;27047;I79S1C200J2V1;1;COPIAPÓ;200;2;VESPERTINO;1;FACULTAD TECNOLÓGICA;TÉCNICO UNIVERSITARIO AUDITOR CONTABLE Y TRIBUTARIO;Admisión directa;Técnico de Nivel Superior;Técnico de Nivel Superior;25;
ACCESO DIRECTO;27075;27075;I79S1C144J1V1;1;COPIAPÓ;144;1;DIURNA;1;FACULTAD TECNOLÓGICA;TÉCNICO UNIVERSITARIO EN ADMINISTRACIÓN DE EMPRESAS;Admisión directa;Técnico de Nivel Superior;Técnico de Nivel Superior;35;
ACCESO DIRECTO;27042;27042;I79S1C144J2V1;1;COPIAPÓ;144;2;VESPERTINO;1;FACULTAD TECNOLÓGICA;TÉCNICO UNIVERSITARIO EN ADMINISTRACIÓN DE EMPRESAS;Admisión directa;Técnico de Nivel Superior;Técnico de Nivel Superior;35;
ACCESO DIRECTO;27056;27056;I79S3C144J1V1;3;VALLENAR;144;1;DIURNA;1;SEDE VALLENAR;TÉCNICO UNIVERSITARIO EN ADMINISTRACIÓN DE EMPRESAS;Admisión directa;Técnico de Nivel Superior;Técnico de Nivel Superior;35;
ACCESO DIRECTO;27059;27059;I79S3C144J2V1;3;VALLENAR;144;2;VESPERTINO;1;SEDE VALLENAR;TÉCNICO UNIVERSITARIO EN ADMINISTRACIÓN DE EMPRESAS;Admisión directa;Técnico de Nivel Superior;Técnico de Nivel Superior;35;
ACCESO DIRECTO;27060;2760;I79S3C180J2V1;3;VALLENAR;180;2;VESPERTINO;1;SEDE VALLENAR;TÉCNICO UNIVERSITARIO EN ASISTENCIA JUDICIAL;Admisión directa;Técnico de Nivel Superior;Técnico de Nivel Superior;0;
ACCESO DIRECTO;27078;27078;I79S1C146J1V1;1;COPIAPÓ;146;1;DIURNA;1;FACULTAD TECNOLÓGICA;TÉCNICO UNIVERSITARIO EN AUTOMATIZACIÓN INDUSTRIAL;Admisión directa;Técnico de Nivel Superior;Técnico de Nivel Superior;30;
ACCESO DIRECTO;27049;27049;I79S1C146J2V1;1;COPIAPÓ;146;2;VESPERTINO;1;FACULTAD TECNOLÓGICA;TÉCNICO UNIVERSITARIO EN AUTOMATIZACIÓN INDUSTRIAL;Admisión directa;Técnico de Nivel Superior;Técnico de Nivel Superior;30;
ACCESO DIRECTO;27062;2762;I79S3C146J2V1;3;VALLENAR;146;2;VESPERTINO;1;SEDE VALLENAR;TÉCNICO UNIVERSITARIO EN AUTOMATIZACIÓN INDUSTRIAL;Admisión directa;Técnico de Nivel Superior;Técnico de Nivel Superior;35;
ACCESO DIRECTO;27077;27077;I79S1C145J1V1;1;COPIAPÓ;145;1;DIURNA;1;FACULTAD TECNOLÓGICA;TÉCNICO UNIVERSITARIO EN ELECTRICIDAD;Admisión directa;Técnico de Nivel Superior;Técnico de Nivel Superior;35;
ACCESO DIRECTO;27046;27046;I79S1C145J2V1;1;COPIAPÓ;145;2;VESPERTINO;1;FACULTAD TECNOLÓGICA;TÉCNICO UNIVERSITARIO EN ELECTRICIDAD;Admisión directa;Técnico de Nivel Superior;Técnico de Nivel Superior;35;
ACCESO DIRECTO;27045;27045;I79S1C178J1V1;1;COPIAPÓ;178;1;DIURNA;1;FACULTAD TECNOLÓGICA;TÉCNICO UNIVERSITARIO EN ENERGÍAS RENOVABLES Y EFICIENCIA ENERGÉTICA;Admisión directa;Técnico de Nivel Superior;Técnico de Nivel Superior;0;
ACCESO DIRECTO;27048;27048;I79S1C178J2V1;1;COPIAPÓ;178;2;VESPERTINO;1;FACULTAD TECNOLÓGICA;TÉCNICO UNIVERSITARIO EN ENERGÍAS RENOVABLES Y EFICIENCIA ENERGÉTICA;Admisión directa;Técnico de Nivel Superior;Técnico de Nivel Superior;0;
ACCESO DIRECTO;27041;27068;I79S1C161J1V2;1;COPIAPÓ;161;1;DIURNA;2;FACULTAD TECNOLÓGICA;TÉCNICO UNIVERSITARIO EN MANTENCIÓN MECÁNICA DE EQUIPOS INDUSTRIALES;Admisión directa;Técnico de Nivel Superior;Técnico de Nivel Superior;30;
ACCESO DIRECTO;27053;27053;I79S1C161J2V2;1;COPIAPÓ;161;2;VESPERTINO;2;FACULTAD TECNOLÓGICA;TÉCNICO UNIVERSITARIO EN MANTENCIÓN MECÁNICA DE EQUIPOS INDUSTRIALES;Admisión directa;Técnico de Nivel Superior;Técnico de Nivel Superior;30;
ACCESO DIRECTO;27068;2768;I79S3C161J1V2;3;VALLENAR;161;1;DIURNA;2;SEDE VALLENAR;TÉCNICO UNIVERSITARIO EN MANTENCIÓN MECÁNICA DE EQUIPOS INDUSTRIALES;Admisión directa;Técnico de Nivel Superior;Técnico de Nivel Superior;40;
ACCESO DIRECTO;27064;27064;I79S3C161J2V2;3;VALLENAR;161;2;VESPERTINO;2;SEDE VALLENAR;TÉCNICO UNIVERSITARIO EN MANTENCIÓN MECÁNICA DE EQUIPOS INDUSTRIALES;Admisión directa;Técnico de Nivel Superior;Técnico de Nivel Superior;40;
ACCESO DIRECTO;27076;27076;I79S1C162J1V1;1;COPIAPÓ;162;1;DIURNA;1;FACULTAD TECNOLÓGICA;TÉCNICO UNIVERSITARIO EN METALURGIA;Admisión directa;Técnico de Nivel Superior;Técnico de Nivel Superior;40;
ACCESO DIRECTO;27039;27039;I79S1C162J2V1;1;COPIAPÓ;162;2;VESPERTINO;1;FACULTAD TECNOLÓGICA;TÉCNICO UNIVERSITARIO EN METALURGIA;Admisión directa;Técnico de Nivel Superior;Técnico de Nivel Superior;35;
ACCESO DIRECTO;27065;27065;I79S3C162J2V1;3;VALLENAR;162;2;VESPERTINO;1;SEDE VALLENAR;TÉCNICO UNIVERSITARIO EN METALURGIA;Admisión directa;Técnico de Nivel Superior;Técnico de Nivel Superior;33;
ACCESO DIRECTO;27038;27038;I79S1C143J1V1;1;COPIAPÓ;143;1;DIURNA;1;FACULTAD TECNOLÓGICA;TÉCNICO UNIVERSITARIO EN MINAS;Admisión directa;Técnico de Nivel Superior;Técnico de Nivel Superior;41;
ACCESO DIRECTO;27054;27054;I79S1C143J2V1;1;COPIAPÓ;143;2;VESPERTINO;1;FACULTAD TECNOLÓGICA;TÉCNICO UNIVERSITARIO EN MINAS;Admisión directa;Técnico de Nivel Superior;Técnico de Nivel Superior;40;
ACCESO DIRECTO;27058;27058;I79S3C143J1V1;3;VALLENAR;143;1;DIURNA;1;SEDE VALLENAR;TÉCNICO UNIVERSITARIO EN MINAS;Admisión directa;Técnico de Nivel Superior;Técnico de Nivel Superior;45;
ACCESO DIRECTO;27057;27057;I79S3C163J1V1;3;VALLENAR;163;1;DIURNA;1;SEDE VALLENAR;TÉCNICO UNIVERSITARIO EN PREVENCIÓN DE RIESGOS;Admisión directa;Técnico de Nivel Superior;Técnico de Nivel Superior;33;
ACCESO DIRECTO;27061;2761;I79S3C176J2V1;3;VALLENAR;176;2;VESPERTINO;1;SEDE VALLENAR;TÉCNICO UNIVERSITARIO ASISTENTE DE GEOLOGÍA;Admisión directa;Técnico de Nivel Superior;Técnico de Nivel Superior;33;
ACCESO CENTRALIZADO;27043;2791;I79S1C54J1V1;1;COPIAPÓ;54;1;DIURNA;1;FACULTAD DE CIENCIAS JURÍDICAS Y SOCIALES;TRABAJO SOCIAL;Admisión regular;Vacantes Regulares;Regulares;55;
ACCESO CENTRALIZADO;27043;2791;I79S1C54J1V1;1;COPIAPÓ;54;1;DIURNA;1;FACULTAD DE CIENCIAS JURÍDICAS Y SOCIALES;TRABAJO SOCIAL;Admisión regular;Sobrecupo;Sobrecupo;5;
ACCESO CENTRALIZADO;27043;2791;I79S1C54J1V1;1;COPIAPÓ;54;1;DIURNA;1;FACULTAD DE CIENCIAS JURÍDICAS Y SOCIALES;TRABAJO SOCIAL;Otras vías de ingreso;BEA;BEA;1;
ACCESO CENTRALIZADO;27043;2791;I79S1C54J1V1;1;COPIAPÓ;54;1;DIURNA;1;FACULTAD DE CIENCIAS JURÍDICAS Y SOCIALES;TRABAJO SOCIAL;Otras vías de ingreso;PACE;PACE;25;
ACCESO CENTRALIZADO;27043;2791;I79S1C54J1V1;1;COPIAPÓ;54;1;DIURNA;1;FACULTAD DE CIENCIAS JURÍDICAS Y SOCIALES;TRABAJO SOCIAL;Admisión especial;Equidad educativa;Equidad educativa;5;
ACCESO CENTRALIZADO;27043;2791;I79S1C54J1V1;1;COPIAPÓ;54;1;DIURNA;1;FACULTAD DE CIENCIAS JURÍDICAS Y SOCIALES;TRABAJO SOCIAL;Admisión especial;Talento específico;Talento específico;1;
ACCESO CENTRALIZADO;27043;2791;I79S1C54J1V1;1;COPIAPÓ;54;1;DIURNA;1;FACULTAD DE CIENCIAS JURÍDICAS Y SOCIALES;TRABAJO SOCIAL;Admisión especial;Identidad regional;Identidad regional;2;
ACCESO CENTRALIZADO;27043;2791;I79S1C54J1V1;1;COPIAPÓ;54;1;DIURNA;1;FACULTAD DE CIENCIAS JURÍDICAS Y SOCIALES;TRABAJO SOCIAL;Admisión especial;Vacantes directas;Propedéutico;3;
ACCESO CENTRALIZADO;27043;2791;I79S1C54J1V1;1;COPIAPÓ;54;1;DIURNA;1;FACULTAD DE CIENCIAS JURÍDICAS Y SOCIALES;TRABAJO SOCIAL;Admisión especial;Vacantes directas;Igualdad de genero;2;Hombres
ACCESO CENTRALIZADO;27043;2791;I79S1C54J1V1;1;COPIAPÓ;54;1;DIURNA;1;FACULTAD DE CIENCIAS JURÍDICAS Y SOCIALES;TRABAJO SOCIAL;Admisión especial;Vacantes directas;Distinción a la trayectoria educativa;0;
ACCESO CENTRALIZADO;27043;2791;I79S1C54J1V1;1;COPIAPÓ;54;1;DIURNA;1;FACULTAD DE CIENCIAS JURÍDICAS Y SOCIALES;TRABAJO SOCIAL;Admisión especial;Vacantes directas;Experiencia laboral acreditada;2;
ACCESO DIRECTO;27085;27085;I79S1C301J1V1;1;COPIAPÓ;301;1;DIURNA;1;FACULTAD TECNOLÓGICA;TÉCNICO UNIVERSITARIO EN GESTION DE PERSONAS;Admisión directa;Técnico de Nivel Superior;Técnico de Nivel Superior;30;
ACCESO DIRECTO;31008;31008;I79S1C10J2V1;1;COPIAPÓ;10;2;VESPERTINO;1;FACULTAD TECNOLÓGICA;INGENIERIA DE EJECUCIÓN EN METALURGIA;Admisión directa;Continuidad de estudios;Continuidad de estudios;35;
ACCESO DIRECTO;27086;27086;I79S1C301J2V1;1;COPIAPÓ;301;2;VESPERTINO;1;FACULTAD TECNOLÓGICA;TECNICO UNIVERSITARIO EN GESTION DE PERSONAS;Admisión directa;Técnico de Nivel Superior;Técnico de Nivel Superior;30;
ACCESO DIRECTO;27084;27084;I70S1C300J2V1;1;COPIAPÓ;300;2;VESPERTINO;1;FACULTAD TECNOLÓGICA;TECNICO EN ENFERMERIA;Admisión directa;Técnico de Nivel Superior;Técnico de Nivel Superior;45;
ACCESO CENTRALIZADO;27090;27090;;1;COPIAPÓ;310;1;DIURNA;1;FACULTAD CIENCIAS NATURALES;LIC. EN CIENCIAS MENCIÓN ASTRONOMÍA Y FÍSICA, MEDIO AMBIENTE Y RECURSOS NATURALES O PALEONTOLOGÍA;Admisión regular;Vacantes Regulares;Regulares;15;
ACCESO CENTRALIZADO;27090;27090;;1;COPIAPÓ;310;1;DIURNA;1;FACULTAD CIENCIAS NATURALES;LIC. EN CIENCIAS MENCIÓN ASTRONOMÍA Y FÍSICA, MEDIO AMBIENTE Y RECURSOS NATURALES O PALEONTOLOGÍA;Admisión regular;Sobrecupo;Sobrecupo;2;
ACCESO CENTRALIZADO;27090;27090;;1;COPIAPÓ;310;1;DIURNA;1;FACULTAD CIENCIAS NATURALES;LIC. EN CIENCIAS MENCIÓN ASTRONOMÍA Y FÍSICA, MEDIO AMBIENTE Y RECURSOS NATURALES O PALEONTOLOGÍA;Otras vías de ingreso;BEA;BEA;1;
ACCESO CENTRALIZADO;27090;27090;;1;COPIAPÓ;310;1;DIURNA;1;FACULTAD CIENCIAS NATURALES;LIC. EN CIENCIAS MENCIÓN ASTRONOMÍA Y FÍSICA, MEDIO AMBIENTE Y RECURSOS NATURALES O PALEONTOLOGÍA;Otras vías de ingreso;PACE;PACE;15;
ACCESO CENTRALIZADO;27090;27090;;1;COPIAPÓ;310;1;DIURNA;1;FACULTAD CIENCIAS NATURALES;LIC. EN CIENCIAS MENCIÓN ASTRONOMÍA Y FÍSICA, MEDIO AMBIENTE Y RECURSOS NATURALES O PALEONTOLOGÍA;Admisión especial;Equidad educativa;Equidad educativa;2;
ACCESO CENTRALIZADO;27090;27090;;1;COPIAPÓ;310;1;DIURNA;1;FACULTAD CIENCIAS NATURALES;LIC. EN CIENCIAS MENCIÓN ASTRONOMÍA Y FÍSICA, MEDIO AMBIENTE Y RECURSOS NATURALES O PALEONTOLOGÍA;Admisión especial;Talento específico;Talento específico;3;
ACCESO CENTRALIZADO;27090;27090;;1;COPIAPÓ;310;1;DIURNA;1;FACULTAD CIENCIAS NATURALES;LIC. EN CIENCIAS MENCIÓN ASTRONOMÍA Y FÍSICA, MEDIO AMBIENTE Y RECURSOS NATURALES O PALEONTOLOGÍA;Admisión especial;Identidad regional;Identidad regional;2;
ACCESO CENTRALIZADO;27090;27090;;1;COPIAPÓ;310;1;DIURNA;1;FACULTAD CIENCIAS NATURALES;LIC. EN CIENCIAS MENCIÓN ASTRONOMÍA Y FÍSICA, MEDIO AMBIENTE Y RECURSOS NATURALES O PALEONTOLOGÍA;Admisión especial;Vacantes directas;Propedéutico;4;
ACCESO CENTRALIZADO;27090;27090;;1;COPIAPÓ;310;1;DIURNA;1;FACULTAD CIENCIAS NATURALES;LIC. EN CIENCIAS MENCIÓN ASTRONOMÍA Y FÍSICA, MEDIO AMBIENTE Y RECURSOS NATURALES O PALEONTOLOGÍA;Admisión especial;Vacantes directas;Persona con licenciatura, titulo tecnico de nivel superioro o titulo profesional;0;
ACCESO CENTRALIZADO;27091;27091;;1;COPIAPÓ;311;1;DIURNA;1;FACULTAD DE HUMANIDADES Y EDUCACIÓN;PEDAGOGÍA EN EDUCACIÓN DIFERENCIAL;Admisión regular;Vacantes Regulares;Regulares;15;
ACCESO CENTRALIZADO;27091;27091;;1;COPIAPÓ;311;1;DIURNA;1;FACULTAD DE HUMANIDADES Y EDUCACIÓN;PEDAGOGÍA EN EDUCACIÓN DIFERENCIAL;Admisión regular;Sobrecupo;Sobrecupo;2;
ACCESO CENTRALIZADO;27091;27091;;1;COPIAPÓ;311;1;DIURNA;1;FACULTAD DE HUMANIDADES Y EDUCACIÓN;PEDAGOGÍA EN EDUCACIÓN DIFERENCIAL;Otras vías de ingreso;BEA;BEA;1;
ACCESO CENTRALIZADO;27091;27091;;1;COPIAPÓ;311;1;DIURNA;1;FACULTAD DE HUMANIDADES Y EDUCACIÓN;PEDAGOGÍA EN EDUCACIÓN DIFERENCIAL;Otras vías de ingreso;PACE;PACE;15;
ACCESO CENTRALIZADO;27091;27091;;1;COPIAPÓ;311;1;DIURNA;1;FACULTAD DE HUMANIDADES Y EDUCACIÓN;PEDAGOGÍA EN EDUCACIÓN DIFERENCIAL;Admisión especial;Vacantes directas;Habilitación pedagógica;10;
ACCESO CENTRALIZADO;27089;27089;;1;COPIAPÓ;312;1;DIURNA;1;FACULTAD DE HUMANIDADES Y EDUCACIÓN;PEDAGOGÍA EN HISTORIA, GEOGRAFÍA Y CIENCIAS SOCIALES;Admisión regular;Vacantes Regulares;Regulares;15;
ACCESO CENTRALIZADO;27089;27089;;1;COPIAPÓ;312;1;DIURNA;1;FACULTAD DE HUMANIDADES Y EDUCACIÓN;PEDAGOGÍA EN HISTORIA, GEOGRAFÍA Y CIENCIAS SOCIALES;Admisión regular;Sobrecupo;Sobrecupo;2;
ACCESO CENTRALIZADO;27089;27089;;1;COPIAPÓ;312;1;DIURNA;1;FACULTAD DE HUMANIDADES Y EDUCACIÓN;PEDAGOGÍA EN HISTORIA, GEOGRAFÍA Y CIENCIAS SOCIALES;Otras vías de ingreso;BEA;BEA;1;
ACCESO CENTRALIZADO;27089;27089;;1;COPIAPÓ;312;1;DIURNA;1;FACULTAD DE HUMANIDADES Y EDUCACIÓN;PEDAGOGÍA EN HISTORIA, GEOGRAFÍA Y CIENCIAS SOCIALES;Otras vías de ingreso;PACE;PACE;15;
ACCESO CENTRALIZADO;27089;27089;;1;COPIAPÓ;312;1;DIURNA;1;FACULTAD DE HUMANIDADES Y EDUCACIÓN;PEDAGOGÍA EN HISTORIA, GEOGRAFÍA Y CIENCIAS SOCIALES;Admisión especial;Vacantes directas;Habilitación pedagógica;10;
ACCESO CENTRALIZADO;27088;27088;;1;COPIAPÓ;313;1;DIURNA;1;FACULTAD DE INGENIERIA;PEDAGOGÍA EN MATEMÁTICAS;Admisión regular;Vacantes Regulares;Regulares;15;
ACCESO CENTRALIZADO;27088;27088;;1;COPIAPÓ;313;1;DIURNA;1;FACULTAD DE INGENIERIA;PEDAGOGÍA EN MATEMÁTICAS;Admisión regular;Sobrecupo;Sobrecupo;2;
ACCESO CENTRALIZADO;27088;27088;;1;COPIAPÓ;313;1;DIURNA;1;FACULTAD DE INGENIERIA;PEDAGOGÍA EN MATEMÁTICAS;Otras vías de ingreso;BEA;BEA;1;
ACCESO CENTRALIZADO;27088;27088;;1;COPIAPÓ;313;1;DIURNA;1;FACULTAD DE INGENIERIA;PEDAGOGÍA EN MATEMÁTICAS;Otras vías de ingreso;PACE;PACE;15;
ACCESO CENTRALIZADO;27088;27088;;1;COPIAPÓ;313;1;DIURNA;1;FACULTAD DE INGENIERIA;PEDAGOGÍA EN MATEMÁTICAS;Admisión especial;Vacantes directas;Habilitación pedagógica;10;
